tweet_id,retweet_count,favorite_count
892420643555336193, 8374, 38228
892177421306343426, 6184, 32771
891815181378084864, 4092, 24682
891689557279858688, 8513, 41550
891327558926688256, 9220, 39739
891087950875897856, 3068, 19945
890971913173991426, 2034, 11671
890729181411237888, 18588, 64521
890609185150312448, 4207, 27417
890240255349198849, 7275, 31462
890006608113172480, 7222, 30237
889880896479866881, 4900, 27393
889665388333682689, 9907, 47446
889638837579907072, 4478, 26789
889531135344209921, 2208, 14890
889278841981685760, 5301, 24901
888917238123831296, 4427, 28678
888804989199671297, 4234, 25206
888554962724278272, 3498, 19559
888078434458587136, 3445, 21455
887705289381826560, 5309, 29750
887517139158093824, 11492, 45629
887473957103951883, 17915, 68125
887343217045368832, 10250, 33209
887101392804085760, 5876, 30139
886983233522544640, 7657, 34675
886736880519319552, 3232, 11876
886680336477933568, 4397, 22122
886366144734445568, 3152, 20890
886267009285017600, 4, 116
886258384151887873, 6190, 27599
886054160059072513, 105, 0
885984800019947520, 6698, 32212
885528943205470208, 6334, 35480
885518971528720385, 3705, 20149
885311592912609280, 18310, 0
885167619883638784, 4320, 21622
884925521741709313, 18041, 76405
884876753390489601, 5584, 27537
884562892145688576, 4682, 23974
884441805382717440, 5575, 26619
884247878851493888, 20171, 72033
884162670584377345, 2946, 20081
883838122936631299, 3400, 21606
883482846933004288, 9814, 45300
883360690899218434, 3627, 22262
883117836046086144, 6582, 36690
882992080364220416, 3867, 23643
882762694511734784, 4853, 27927
882627270321602560, 6001, 27529
882268110199369728, 11443, 44361
882045870035918850, 4906, 28974
881906580714921986, 3349, 23987
881666595344535552, 10522, 49917
881633300179243008, 7, 124
881536004380872706, 15739, 48790
881268444196462592, 5102, 22780
880935762899988482, 2749, 16793
880872448815771648, 3768, 20994
880465832366813184, 6197, 28152
880221127280381952, 4166, 26712
880095782870896641, 4304, 27274
879862464715927552, 3455, 22032
879674319642796034, 10, 308
879492040517615616, 3145, 23119
879415818425184262, 43666, 104490
879376492567855104, 3080, 16557
879130579576475649, 6743, 0
879050749262655488, 4666, 22278
879008229531029506, 2664, 18741
878776093423087618, 4081, 19167
878604707211726852, 7117, 29890
878404777348136964, 1274, 0
878316110768087041, 6580, 0
878281511006478336, 1274, 7650
878057613040115712, 6743, 41500
877736472329191424, 18876, 78808
877611172832227328, 80, 0
877556246731214848, 3767, 22434
877316821321428993, 5120, 27031
877201837425926144, 5524, 26783
876838120628539392, 3312, 20428
876537666061221889, 4578, 23211
876484053909872640, 2375, 18534
876120275196170240, 4651, 27577
875747767867523072, 4257, 24884
875144289856114688, 4882, 21662
875097192612077568, 5992, 27092
875021211251597312, 4679, 25170
874680097055178752, 4608, 27516
874434818259525634, 14631, 0
874296783580663808, 4081, 25770
874057562936811520, 3929, 22400
874012996292530176, 10342, 34221
873580283840344065, 3921, 23958
873337748698140672, 1580, 0
873213775632977920, 1580, 7158
872967104147763200, 5380, 27100
872820683541237760, 3679, 14570
872620804844003328, 3682, 20594
872486979161796608, 8972, 40301
872261713294495745, 6297, 33900
872122724285648897, 8097, 34153
871879754684805121, 11154, 37667
871762521631449091, 3470, 20114
871515927908634625, 3447, 20062
871166179821445120, 5696, 0
871102520638267392, 5497, 20783
871032628920680449, 3814, 22513
870804317367881728, 6207, 33400
870726314365509632, 3, 119
870656317836468226, 2649, 12339
870374049280663552, 26239, 82260
870308999962521604, 4161, 21729
870063196459192321, 8369, 36500
869772420881756160, 10061, 42233
869702957897576449, 6366, 28135
869596645499047938, 3141, 15925
869227993411051520, 3800, 20365
868880397819494401, 14568, 65494
868639477480148993, 2109, 0
868622495443632128, 5468, 26825
868552278524837888, 2109, 10127
867900495410671616, 4207, 24167
867774946302451713, 7397, 33993
867421006826221569, 2531, 16116
867072653475098625, 122, 0
867051520902168576, 7942, 32270
866720684873056260, 4863, 20110
866686824827068416, 3527, 19357
866450705531457537, 35657, 122500
866334964761202691, 14631, 52739
866094527597207552, 8476, 0
865718153858494464, 5684, 25700
865359393868664832, 5066, 26577
865006731092295680, 7787, 28119
864873206498414592, 8833, 32442
864279568663928832, 3085, 14705
864197398364647424, 9082, 30320
863907417377173506, 4211, 20748
863553081350529029, 4244, 15394
863471782782697472, 2499, 0
863432100342583297, 5353, 23976
863427515083354112, 99, 2279
863079547188785154, 1119, 8831
863062471531167744, 2499, 8587
862831371563274240, 5174, 19316
862722525377298433, 3591, 17194
862457590147678208, 5051, 20714
862096992088072192, 23758, 75205
861383897657036800, 10915, 36393
861288531465048066, 4242, 17352
861005113778896900, 3886, 16878
860981674716409858, 2207, 0
860924035999428608, 842, 0
860563773140209665, 2207, 7578
860524505164394496, 5396, 23869
860276583193509888, 3555, 18498
860184849394610176, 5969, 16872
860177593139703809, 31607, 0
859924526012018688, 4196, 19781
859851578198683649, 3597, 15575
859607811541651456, 1612, 18816
859196978902773760, 31009, 91123
859074603037188101, 13960, 34334
858860390427611136, 8368, 0
858843525470990336, 3567, 15741
858471635011153920, 4984, 21794
858107933456039936, 3001, 15944
857989990357356544, 2660, 16355
857746408056729600, 10965, 34816
857393404942143489, 1690, 6003
857263160327368704, 4659, 20338
857214891891077121, 18, 231
857062103051644929, 177, 0
857029823797047296, 4136, 19261
856602993587888130, 11050, 0
856543823941562368, 2978, 16546
856526610513747968, 1942, 12049
856330835276025856, 702, 0
856288084350160898, 17, 527
856282028240666624, 6540, 28235
855862651834028034, 28, 352
855860136149123072, 1068, 5146
855857698524602368, 2191, 12079
855851453814013952, 18336, 46315
855818117272018944, 5629, 27139
855459453768019968, 8525, 30566
855245323840757760, 6214, 0
855138241867124737, 48, 0
854732716440526848, 6362, 23370
854482394044301312, 7160, 30032
854365224396361728, 4885, 19362
854120357044912130, 7815, 32761
854010172552949760, 3295, 16618
853760880890318849, 6066, 29350
853639147608842240, 10607, 35812
853299958564483072, 3738, 15955
852936405516943360, 2108, 0
852912242202992640, 1927, 9317
852672615818899456, 2261, 15361
852553447878664193, 3693, 16859
852311364735569921, 10384, 34126
852226086759018497, 7144, 20618
852189679701164033, 1666, 11822
851953902622658560, 10144, 0
851861385021730816, 23, 0
851591660324737024, 3655, 16728
851464819735769094, 7451, 25084
851224888060895234, 6032, 21367
850753642995093505, 9795, 32100
850380195714523136, 2761, 13513
850333567704068097, 352, 3553
850145622816686080, 4047, 16903
850019790995546112, 5176, 21197
849776966551130114, 8034, 31577
849668094696017920, 5246, 0
849412302885593088, 3325, 16462
849336543269576704, 1997, 11842
849051919805034497, 9026, 44093
848690551926992896, 4575, 26177
848324959059550208, 4883, 25709
848213670039564288, 794, 8485
848212111729840128, 3259, 16960
847978865427394560, 3458, 0
847971574464610304, 457, 0
847962785489326080, 5412, 24455
847842811428974592, 1428, 5698
847617282490613760, 451, 7293
847606175596138505, 3606, 19539
847251039262605312, 4564, 21288
847157206088847362, 6224, 20793
847116187444137987, 3396, 22307
846874817362120707, 4180, 20934
846514051647705089, 12353, 46553
846505985330044928, 3293, 14732
846153765933735936, 9658, 33073
846139713627017216, 10510, 32192
846042936437604353, 3083, 16671
845812042753855489, 9328, 30590
845677943972139009, 5097, 26208
845397057150107648, 1933, 7972
845306882940190720, 5752, 24352
845098359547420673, 8176, 0
844979544864018432, 2756, 14245
844973813909606400, 3434, 15798
844704788403113984, 11050, 40468
844580511645339650, 3362, 17222
844223788422217728, 2347, 14255
843981021012017153, 3122, 15815
843856843873095681, 4945, 22395
843604394117681152, 2946, 17671
843235543001513987, 6477, 22484
842846295480000512, 3848, 15927
842765311967449089, 1362, 7068
842535590457499648, 3749, 18954
842163532590374912, 6214, 25643
842115215311396866, 3246, 14676
841833993020538882, 16445, 0
841680585030541313, 8304, 26866
841439858740625411, 3931, 13248
841320156043304961, 5823, 20713
841314665196081154, 5030, 16597
841077006473256960, 5696, 24015
840761248237133825, 1883, 0
840728873075638272, 17398, 0
840698636975636481, 2, 188
840696689258311684, 1052, 12910
840632337062862849, 1883, 9416
840370681858686976, 4890, 17285
840268004936019968, 6158, 20247
839990271299457024, 2469, 14118
839549326359670784, 8368, 28933
839290600511926273, 154, 0
839239871831150596, 7032, 28601
838952994649550848, 4274, 20625
838921590096166913, 2232, 11740
838916489579200512, 36, 0
838831947270979586, 11907, 0
838561493054533637, 1426, 11483
838476387338051585, 5192, 23778
838201503651401729, 10880, 0
838150277551247360, 354, 1767
838085839343206401, 0, 149
838083903487373313, 3396, 18562
837820167694528512, 8476, 36000
837482249356513284, 476, 4039
837471256429613056, 2475, 13475
837366284874571778, 5712, 22263
837110210464448512, 2586, 16882
836989968035819520, 2476, 13408
836753516572119041, 4980, 20264
836677758902222849, 2396, 13289
836648853927522308, 592, 0
836397794269200385, 29819, 0
836380477523124226, 3193, 15512
836260088725786625, 4632, 22415
836001077879255040, 4635, 20156
835685285446955009, 8822, 0
835574547218894849, 3914, 18769
835536468978302976, 1842, 0
835309094223372289, 22727, 0
835297930240217089, 3233, 17309
835264098648616962, 1842, 8176
835246439529840640, 78, 2205
835172783151792128, 6213, 27581
835152434251116546, 3261, 23703
834931633769889797, 1789, 11437
834786237630337024, 5924, 22330
834574053763584002, 2742, 14461
834477809192075265, 11553, 0
834458053273591808, 1813, 10166
834209720923721728, 5182, 21765
834167344700198914, 3933, 16643
834089966724603904, 2299, 10611
834086379323871233, 2402, 13802
833863086058651648, 2604, 14166
833826103416520705, 3726, 16209
833732339549220864, 234, 0
833722901757046785, 3477, 21869
833479644947025920, 2243, 15705
833124694597443584, 5246, 21340
832998151111966721, 2403, 14060
832769181346996225, 40, 0
832757312314028032, 3933, 17789
832682457690300417, 3185, 12550
832645525019123713, 563, 3087
832636094638288896, 3036, 16776
832397543355072512, 2412, 12635
832369877331693569, 3458, 18141
832273440279240704, 2527, 11968
832215909146226688, 6716, 0
832215726631055365, 10178, 0
832088576586297345, 2, 70
832040443403784192, 10558, 0
832032802820481025, 5045, 18856
831939777352105988, 6663, 25402
831926988323639298, 35, 361
831911600680497154, 7073, 29267
831670449226514432, 1969, 11055
831650051525054464, 2108, 7603
831552930092285952, 2488, 9535
831322785565769729, 1661, 9729
831315979191906304, 1212, 6906
831309418084069378, 2651, 12417
831262627380748289, 2229, 12611
830956169170665475, 1625, 8445
830583320585068544, 18310, 70896
830173239259324417, 6201, 0
830097400375152640, 3269, 10411
829878982036299777, 5457, 0
829861396166877184, 2130, 12954
829501995190984704, 11553, 33668
829449946868879360, 2205, 11093
829374341691346946, 10144, 36715
829141528400556032, 8071, 26002
829011960981237760, 17650, 56213
828801551087042563, 3701, 0
828770345708580865, 6399, 27132
828708714936930305, 12234, 38852
828650029636317184, 1468, 10082
828409743546925057, 1253, 6672
828408677031882754, 1400, 8115
828381636999917570, 2422, 13402
828376505180889089, 1158, 7839
828372645993398273, 3202, 13300
828361771580813312, 184, 2326
828046555563323392, 3116, 12487
828011680017821696, 2341, 11008
827933404142436356, 5696, 21389
827653905312006145, 3278, 16383
827600520311402496, 1034, 7865
827324948884643840, 3343, 16872
827199976799354881, 2448, 11242
826958653328592898, 5457, 22914
826848821049180160, 11154, 38770
826615380357632002, 4307, 0
826598799820865537, 277, 5433
826598365270007810, 2560, 10712
826476773533745153, 4579, 19585
826240494070030336, 2820, 14110
826204788643753985, 1018, 5186
826115272272650244, 3423, 16669
825876512159186944, 2040, 11123
825829644528148480, 2716, 13552
825535076884762624, 18776, 55382
825147591692263424, 4998, 19476
825120256414846976, 1402, 0
825026590719483904, 1402, 6749
824796380199809024, 6003, 0
824775126675836928, 3853, 15928
824663926340194305, 1897, 10721
824325613288833024, 11345, 12540
824297048279236611, 4229, 16029
824025158776213504, 646, 5081
823939628516474880, 2963, 11339
823719002937630720, 12286, 0
823699002998870016, 2645, 13401
823581115634085888, 2894, 13894
823333489516937216, 29, 742
823322678127919110, 4393, 16765
823269594223824897, 10784, 0
822975315408461824, 3764, 18426
822872901745569793, 48005, 141064
822859134160621569, 2495, 14086
822647212903690241, 7034, 0
822610361945911296, 3242, 15737
822489057087389700, 7034, 19351
822462944365645825, 16060, 30387
822244816520155136, 10784, 37357
822163064745328640, 5264, 0
821886076407029760, 2564, 12118
821813639212650496, 3659, 0
821765923262631936, 1823, 8992
821522889702862852, 1937, 8559
821421320206483457, 6136, 0
821407182352777218, 4770, 12571
821153421864615936, 10, 271
821149554670182400, 2207, 9310
821107785811234820, 2333, 10237
821044531881721856, 2510, 13525
820837357901512704, 7339, 0
820749716845686786, 10880, 33691
820690176645140481, 3540, 13033
820494788566847489, 622, 0
820446719150292993, 2835, 0
820314633777061888, 622, 3565
820078625395449857, 6890, 21177
820013781606658049, 1301, 0
819952236453363712, 1301, 5682
819924195358416896, 5312, 13746
819711362133872643, 3444, 14388
819588359383371776, 2158, 10219
819347104292290561, 1324, 7724
819238181065359361, 444, 2441
819227688460238848, 7339, 24681
819015337530290176, 40262, 0
819015331746349057, 20750, 0
819006400881917954, 20750, 48259
819004803107983360, 40262, 92356
818646164899774465, 22905, 0
818627210458333184, 8173, 23730
818614493328580609, 2838, 10551
818588835076603904, 6745, 0
818536468981415936, 2721, 11668
818307523543449600, 8930, 0
818259473185828864, 2515, 11795
818145370475810820, 2854, 13153
817908911860748288, 866, 5182
817827839487737858, 29819, 55494
817777686764523521, 2937, 11456
817536400337801217, 3337, 12629
817502432452313088, 3721, 0
817423860136083457, 16445, 36639
817415592588222464, 1060, 6014
817181837579653120, 9347, 0
817171292965273600, 2211, 9337
817120970343411712, 2883, 13025
817056546584727552, 1817, 9180
816829038950027264, 5189, 0
816816676327063552, 2239, 10707
816697700272001025, 2432, 10500
816450570814898180, 8930, 32749
816336735214911488, 2149, 9207
816091915477250048, 2370, 9569
816062466425819140, 1145, 0
816014286006976512, 5845, 0
815990720817401858, 1145, 5360
815966073409433600, 9347, 24038
815745968457060357, 4553, 0
815736392542261248, 2503, 10543
815639385530101762, 1812, 8811
815390420867969024, 4190, 11099
814986499976527872, 1424, 8182
814638523311648768, 2980, 12091
814578408554463233, 6392, 0
814530161257443328, 2040, 9293
814153002265309185, 9568, 30838
813944609378369540, 3525, 0
813910438903693312, 2070, 9968
813812741911748608, 15427, 38963
813800681631023104, 1936, 8957
813217897535406080, 8037, 20044
813202720496779264, 1978, 9852
813187593374461952, 4807, 21274
813172488309972993, 2109, 10014
813157409116065792, 2445, 8324
813142292504645637, 2597, 9033
813130366689148928, 488, 4793
813127251579564032, 3447, 12729
813112105746448384, 3037, 11090
813096984823349248, 3973, 11288
813081950185472002, 3047, 10598
813066809284972545, 2146, 8547
813051746834595840, 8077, 22498
812781120811126785, 2105, 8134
812747805718642688, 7641, 0
812709060537683968, 1572, 7118
812503143955202048, 1349, 6528
812466873996607488, 2119, 8585
812372279581671427, 4039, 14711
811985624773361665, 1547, 7796
811744202451197953, 1777, 8106
811647686436880384, 819, 5995
811627233043480576, 3450, 13744
811386762094317568, 7052, 22447
810984652412424192, 1579, 5726
810896069567610880, 1972, 9726
810657578271330305, 2917, 11775
810284430598270976, 12589, 38084
810254108431155201, 3701, 15779
809920764300447744, 4307, 16633
809808892968534016, 5411, 0
809448704142938112, 1619, 7443
809220051211603969, 6201, 21420
809084759137812480, 3863, 14204
808838249661788160, 3357, 10851
808733504066486276, 2391, 8503
808501579447930884, 2872, 12130
808344865868283904, 22905, 45683
808134635716833280, 6571, 0
808106460588765185, 2422, 9371
808001312164028416, 3902, 13524
807621403335917568, 4065, 15658
807106840509214720, 61346, 127682
807059379405148160, 8093, 0
807010152071229440, 4222, 14011
806629075125202948, 38486, 80781
806620845233815552, 6097, 0
806576416489959424, 2121, 5210
806542213899489280, 2614, 10982
806242860592926720, 12914, 0
806219024703037440, 1319, 6904
805958939288408065, 5939, 0
805932879469572096, 2110, 8892
805826884734976000, 2021, 7084
805823200554876929, 8886, 0
805520635690676224, 1820, 6168
805487436403003392, 2798, 9428
805207613751304193, 1885, 8388
804738756058218496, 4254, 14782
804475857670639616, 2220, 6610
804413760345620481, 3559, 0
804026241225523202, 17915, 48014
803773340896923648, 3059, 10807
803692223237865472, 8201, 0
803638050916102144, 4573, 11811
803380650405482500, 2052, 8337
803321560782307329, 5878, 0
803276597545603072, 2731, 10786
802952499103731712, 2220, 9719
802624713319034886, 3235, 0
802600418706604034, 1626, 7661
802572683846291456, 2763, 9619
802323869084381190, 6454, 17487
802265048156610565, 1507, 7112
802239329049477120, 2877, 9777
802185808107208704, 294, 0
801958328846974976, 1886, 8313
801854953262350336, 259, 1893
801538201127157760, 2275, 8829
801285448605831168, 919, 6525
801167903437357056, 6571, 26382
801127390143516673, 4391, 0
801115127852503040, 2312, 8709
800859414831898624, 107, 743
800855607700029440, 1804, 0
800751577355128832, 3066, 11299
800513324630806528, 3325, 14137
800459316964663297, 2393, 10188
800443802682937345, 4771, 0
800388270626521089, 3102, 12011
800188575492947969, 4355, 0
800141422401830912, 2835, 16482
800018252395122689, 14568, 30570
799774291445383169, 5179, 0
799757965289017345, 2392, 9059
799422933579902976, 2116, 8661
799308762079035393, 6123, 0
799297110730567681, 3065, 10682
799063482566066176, 2726, 8726
798933969379225600, 4953, 14183
798925684722855936, 1590, 8003
798705661114773508, 7303, 0
798701998996647937, 8635, 0
798697898615730177, 7196, 0
798694562394996736, 5485, 0
798686750113755136, 2574, 0
798682547630837760, 5225, 0
798673117451325440, 6133, 0
798665375516884993, 4299, 0
798644042770751489, 2047, 0
798628517273620480, 2172, 0
798585098161549313, 6305, 0
798576900688019456, 6487, 0
798340744599797760, 3719, 0
798209839306514432, 2831, 11188
797971864723324932, 3471, 12551
797545162159308800, 5373, 15623
797236660651966464, 7335, 21547
797165961484890113, 29, 248
796904159865868288, 9832, 0
796865951799083009, 2105, 8272
796759840936919040, 3380, 12792
796563435802726400, 8074, 0
796484825502875648, 1949, 8168
796387464403357696, 4606, 11856
796177847564038144, 15831, 0
796149749086875649, 15831, 34862
796125600683540480, 1972, 5318
796116448414461957, 2680, 9797
796080075804475393, 2569, 9111
796031486298386433, 4077, 11639
795464331001561088, 26345, 53677
795400264262053889, 3170, 10891
795076730285391872, 6003, 17494
794983741416415232, 3728, 0
794926597468000259, 2556, 11077
794355576146903043, 11369, 0
794332329137291264, 2927, 10311
794205286408003585, 3657, 9902
793962221541933056, 5411, 18136
793845145112371200, 2077, 9909
793614319594401792, 3446, 0
793601777308463104, 1812, 8591
793500921481273345, 2633, 11523
793286476301799424, 10178, 26530
793271401113350145, 2618, 9318
793256262322548741, 9218, 21533
793241302385262592, 3624, 11338
793226087023144960, 3164, 10605
793210959003287553, 3112, 9627
793195938047070209, 6219, 16453
793180763617361921, 2201, 7453
793165685325201412, 3080, 10131
793150605191548928, 1887, 6643
793135492858580992, 2763, 6964
793120401413079041, 4328, 13679
792913359805018113, 4440, 15448
792883833364439040, 4728, 12201
792773781206999040, 1858, 7913
792394556390137856, 4739, 14507
792050063153438720, 1987, 7735
791821351946420224, 23240, 0
791784077045166082, 10652, 0
791780927877898241, 4202, 0
791774931465953280, 24527, 48636
791672322847637504, 3446, 12664
791406955684368384, 4553, 14147
791312159183634433, 2812, 9467
791026214425268224, 4553, 0
790987426131050500, 2363, 10662
790946055508652032, 5189, 17895
790723298204217344, 2562, 0
790698755171364864, 2105, 8831
790581949425475584, 7935, 22267
790337589677002753, 2063, 8427
790277117346975746, 3525, 13508
790227638568808452, 3947, 0
789986466051088384, 2562, 9962
789960241177853952, 4582, 0
789903600034189313, 4559, 11203
789628658055020548, 1970, 8097
789599242079838210, 2140, 7292
789530877013393408, 3728, 12674
789314372632018944, 2546, 9264
789280767834746880, 5465, 0
789268448748703744, 2847, 9814
789137962068021249, 3088, 10453
788908386943430656, 13680, 29504
788765914992902144, 11369, 29536
788552643979468800, 7952, 0
788412144018661376, 5855, 16796
788178268662984705, 2338, 7791
788150585577050112, 1439, 6631
788070120937619456, 3774, 0
788039637453406209, 1461, 6610
787810552592695296, 3368, 9348
787717603741622272, 3073, 10996
787397959788929025, 3128, 11666
787322443945877504, 1923, 8386
787111942498508800, 7402, 0
786963064373534720, 8822, 28607
786729988674449408, 2664, 0
786709082849828864, 6716, 19561
786664955043049472, 2830, 11480
786595970293370880, 3415, 10119
786363235746385920, 3871, 11736
786286427768250368, 3156, 8583
786233965241827333, 5264, 16469
786051337297522688, 169, 1550
786036967502913536, 7792, 0
785927819176054784, 3485, 12220
785872687017132033, 2016, 7188
785639753186217984, 2450, 8401
785533386513321988, 2211, 9796
785515384317313025, 1385, 6550
785264754247995392, 1802, 7806
785170936622350336, 5358, 13019
784826020293709826, 3559, 10897
784517518371221505, 2793, 9648
784431430411685888, 1414, 6122
784183165795655680, 8886, 21610
784057939640352768, 12286, 32127
783839966405230592, 11907, 32281
783821107061198850, 2161, 7915
783695101801398276, 3549, 11225
783466772167098368, 2480, 9069
783391753726550016, 6067, 18119
783347506784731136, 6167, 0
783334639985389568, 12914, 31399
783085703974514689, 2444, 8745
782969140009107456, 8093, 25895
782747134529531904, 1536, 8026
782722598790725632, 5939, 18534
782598640137187329, 2060, 8350
782305867769217024, 6136, 17898
782021823840026624, 6865, 0
781955203444699136, 3696, 11930
781661882474196992, 2979, 11215
781655249211752448, 1236, 4295
781524693396357120, 6096, 22273
781308096455073793, 2795, 7652
781251288990355457, 2311, 9059
781163403222056960, 3002, 10477
780931614150983680, 8074, 23208
780858289093574656, 2192, 7721
780800785462489090, 1428, 5916
780601303617732608, 3659, 12959
780543529827336192, 1906, 6759
780496263422808064, 4077, 0
780476555013349377, 128, 0
780459368902959104, 1175, 5669
780192070812196864, 2456, 9337
780092040432480260, 2526, 0
780074436359819264, 5494, 13138
779834332596887552, 7792, 20376
779377524342161408, 3419, 9454
779124354206535695, 20230, 0
779123168116150273, 3997, 12663
779056095788752897, 4964, 15868
778990705243029504, 7988, 21489
778774459159379968, 10944, 0
778764940568104960, 403, 919
778748913645780993, 1465, 7399
778650543019483137, 1638, 6193
778624900596654080, 1113, 4991
778408200802557953, 4775, 14624
778396591732486144, 13446, 0
778383385161035776, 1209, 6251
778286810187399168, 3632, 11145
778039087836069888, 2890, 9091
778027034220126208, 1780, 7027
777953400541634568, 3866, 0
777885040357281792, 1807, 6815
777684233540206592, 3235, 12037
777641927919427584, 4663, 0
777621514455814149, 2735, 9407
777189768882946048, 4752, 15332
776819012571455488, 15086, 0
776813020089548800, 1325, 5225
776477788987613185, 3074, 9475
776249906839351296, 10045, 0
776218204058357768, 17514, 32121
776201521193218049, 2765, 10271
776113305656188928, 4771, 12577
776088319444877312, 166, 1965
775898661951791106, 18011, 0
775842724423557120, 2935, 12546
775733305207554048, 4391, 14810
775729183532220416, 5004, 13825
775364825476165632, 3260, 7960
775350846108426240, 4283, 10860
775085132600442880, 5179, 16638
774757898236878852, 1939, 9137
774639387460112384, 1904, 7189
774314403806253056, 6123, 23283
773985732834758656, 4251, 11491
773922284943896577, 1895, 6840
773704687002451968, 1792, 7065
773670353721753600, 1418, 5690
773547596996571136, 6745, 23597
773336787167145985, 5574, 0
773308824254029826, 8176, 24842
773247561583001600, 3510, 10073
773191612633579521, 4497, 10680
772877495989305348, 4235, 9170
772826264096874500, 2543, 8530
772615324260794368, 3690, 0
772581559778025472, 1846, 6920
772193107915964416, 1512, 6417
772152991789019136, 1226, 4040
772117678702071809, 804, 4011
772114945936949249, 516, 2897
772102971039580160, 1011, 4287
771908950375665664, 2075, 7030
771770456517009408, 3719, 12827
771500966810099713, 2869, 8843
771380798096281600, 5574, 11246
771171053431250945, 8269, 0
771136648247640064, 3200, 9821
771102124360998913, 1567, 6655
771014301343748096, 1807, 7344
771004394259247104, 240, 0
770787852854652928, 1334, 5300
770772759874076672, 1542, 5551
770655142660169732, 1899, 7817
770414278348247044, 2251, 6720
770293558247038976, 1627, 6663
770093767776997377, 3317, 0
770069151037685760, 2515, 8101
769940425801170949, 10558, 33601
769695466921623552, 1812, 6820
769335591808995329, 8392, 0
769212283578875904, 1871, 5758
768970937022709760, 7141, 15388
768909767477751808, 2951, 0
768855141948723200, 970, 4480
768609597686943744, 1325, 4393
768596291618299904, 1391, 5360
768554158521745409, 6357, 0
768473857036525572, 3737, 14551
768193404517830656, 3866, 11639
767884188863397888, 1534, 5071
767754930266464257, 5878, 17119
767500508068192258, 2546, 7995
767191397493538821, 4155, 13101
767122157629476866, 3111, 10804
766864461642756096, 6174, 0
766793450729734144, 1481, 5420
766714921925144576, 422, 2782
766693177336135680, 862, 4311
766423258543644672, 1741, 6430
766313316352462849, 2050, 7239
766078092750233600, 2833, 0
766069199026450432, 943, 4575
766008592277377025, 537, 3992
765719909049503744, 2349, 7728
765669560888528897, 1329, 5545
765395769549590528, 3700, 28143
765371061932261376, 2351, 7569
765222098633691136, 3690, 12388
764857477905154048, 1930, 6850
764259802650378240, 1656, 6456
763956972077010945, 59, 788
763837565564780549, 4553, 13461
763183847194451968, 1605, 5759
763167063695355904, 3289, 0
763103485927849985, 2485, 7846
762699858130116608, 3947, 12972
762471784394268675, 7056, 12024
762464539388485633, 4582, 11014
762316489655476224, 1229, 5134
762035686371364864, 16985, 34107
761976711479193600, 2199, 5757
761750502866649088, 4296, 0
761745352076779520, 937, 4530
761672994376806400, 31607, 52766
761599872357261312, 1281, 4397
761371037149827077, 19536, 0
761334018830917632, 1581, 5548
761292947749015552, 1197, 4757
761227390836215808, 1694, 5664
761004547850530816, 3774, 12044
760893934457552897, 1059, 4074
760656994973933572, 2097, 7039
760641137271070720, 1405, 5270
760539183865880579, 3945, 8063
760521673607086080, 1520, 4501
760290219849637889, 12491, 28533
760252756032651264, 941, 4194
760190180481531904, 1970, 6077
760153949710192640, 34, 0
759943073749200896, 2274, 6319
759923798737051648, 6174, 15626
759846353224826880, 2155, 7162
759793422261743616, 2067, 6341
759566828574212096, 22977, 0
759557299618865152, 1272, 5008
759447681597108224, 2664, 9032
759446261539934208, 529, 1777
759197388317847553, 2115, 6448
759159934323924993, 1269, 0
759099523532779520, 4538, 15479
759047813560868866, 2190, 6928
758854675097526272, 970, 3777
758828659922702336, 4164, 11889
758740312047005698, 1744, 6090
758474966123810816, 1078, 4066
758467244762497024, 2422, 5110
758405701903519748, 2096, 5529
758355060040593408, 1180, 3657
758099635764359168, 10944, 20420
758041019896193024, 407, 2877
757741869644341248, 3535, 7324
757729163776290825, 8802, 0
757725642876129280, 1320, 4831
757611664640446465, 1213, 4846
757597904299253760, 317, 0
757596066325864448, 1148, 4616
757400162377592832, 7420, 16109
757393109802180609, 1898, 6206
757354760399941633, 1546, 4803
756998049151549440, 2157, 6663
756939218950160384, 2181, 7072
756651752796094464, 1428, 5394
756526248105566208, 3926, 11060
756303284449767430, 1177, 4201
756288534030475264, 18990, 45465
756275833623502848, 1653, 6843
755955933503782912, 3141, 7807
755206590534418437, 5839, 17481
755110668769038337, 12024, 22559
754874841593970688, 8704, 0
754856583969079297, 2745, 7309
754747087846248448, 568, 2742
754482103782404096, 2117, 5645
754449512966619136, 797, 3978
754120377874386944, 2539, 8321
753655901052166144, 2362, 6215
753420520834629632, 3867, 8411
753398408988139520, 2082, 6149
753375668877008896, 2526, 8112
753298634498793472, 6259, 0
753294487569522689, 1127, 3613
753039830821511168, 22725, 39405
753026973505581056, 1055, 4132
752932432744185856, 7402, 13393
752917284578922496, 1709, 7317
752701944171524096, 3131, 0
752682090207055872, 1741, 6360
752660715232722944, 1714, 4681
752568224206688256, 2477, 5875
752519690950500352, 3736, 7831
752334515931054080, 1191, 4054
752309394570878976, 18099, 0
752173152931807232, 2004, 6315
751950017322246144, 1009, 3268
751937170840121344, 1460, 5535
751830394383790080, 2123, 6152
751793661361422336, 3158, 6216
751598357617971201, 3296, 8385
751583847268179968, 1210, 4682
751538714308972544, 1376, 5345
751456908746354688, 1080, 3394
751251247299190784, 6360, 13255
751205363882532864, 1980, 6692
751132876104687617, 1412, 5392
750868782890057730, 1504, 5066
750719632563142656, 5465, 14003
750506206503038976, 1245, 4709
750429297815552001, 4663, 13976
750383411068534784, 1229, 4821
750381685133418496, 32, 733
750147208377409536, 1048, 3281
750132105863102464, 1376, 3851
750117059602808832, 1407, 4593
750101899009982464, 911, 3226
750086836815486976, 591, 2302
750071704093859840, 3615, 8346
750056684286914561, 970, 3323
750041628174217216, 671, 3366
750026558547456000, 855, 2878
750011400160841729, 984, 3443
749996283729883136, 875, 3215
749981277374128128, 2649, 5415
749774190421639168, 1417, 4924
749417653287129088, 1805, 6465
749403093750648834, 591, 2787
749395845976588288, 3750, 9120
749317047558017024, 2398, 5806
749075273010798592, 2234, 6104
749064354620928000, 1630, 5075
749036806121881602, 843, 3283
748977405889503236, 3674, 11344
748932637671223296, 2447, 6193
748705597323898880, 1023, 2927
748699167502000129, 1727, 5013
748692773788876800, 1439, 4489
748575535303884801, 2154, 6421
748568946752774144, 727, 2306
748346686624440324, 1339, 5532
748337862848962560, 4457, 8141
748324050481647620, 827, 3922
748307329658011649, 772, 3879
748220828303695873, 8406, 14950
747963614829678593, 2317, 6117
747933425676525569, 2756, 7008
747885874273214464, 1062, 3122
747844099428986880, 810, 2966
747816857231626240, 1253, 5134
747651430853525504, 170, 1457
747648653817413632, 6310, 13626
747600769478692864, 592, 2450
747594051852075008, 1135, 3905
747512671126323200, 1711, 5872
747461612269887489, 1114, 4087
747439450712596480, 2075, 5734
747242308580548608, 3106, 0
747219827526344708, 1705, 5577
747204161125646336, 992, 3573
747103485104099331, 4306, 10119
746906459439529985, 318, 3051
746872823977771008, 2314, 6334
746818907684614144, 1858, 5595
746790600704425984, 1712, 5158
746757706116112384, 4202, 10108
746726898085036033, 1929, 6385
746542875601690625, 2010, 5320
746521445350707200, 1058, 0
746507379341139972, 1165, 4891
746369468511756288, 1771, 6513
746131877086527488, 2370, 7298
746056683365994496, 878, 3754
745789745784041472, 1148, 4259
745712589599014916, 2500, 7386
745433870967832576, 2733, 7494
745422732645535745, 2616, 9052
745314880350101504, 2985, 7569
745074613265149952, 3799, 8275
745057283344719872, 2449, 7636
744995568523612160, 671, 3143
744971049620602880, 2898, 8325
744709971296780288, 1674, 5905
744334592493166593, 2301, 7144
744234799360020481, 84164, 164979
744223424764059648, 401, 1788
743980027717509120, 1169, 4387
743895849529389061, 1029, 3842
743835915802583040, 2248, 0
743609206067040256, 1481, 4729
743595368194129920, 7063, 19487
743545585370791937, 1004, 3716
743510151680958465, 3967, 8332
743253157753532416, 1307, 4469
743222593470234624, 2049, 6541
743210557239623680, 1464, 4043
742534281772302336, 3819, 7430
742528092657332225, 2140, 4678
742465774154047488, 4176, 7662
742423170473463808, 4077, 10374
742385895052087300, 2140, 7165
742161199639494656, 1472, 4572
742150209887731712, 1673, 5418
741793263812808706, 1623, 4808
741743634094141440, 2972, 8623
741438259667034112, 896, 3870
741303864243200000, 3478, 9244
741099773336379392, 5957, 10590
741067306818797568, 3317, 9956
740995100998766593, 2972, 6735
740711788199743490, 1002, 3588
740699697422163968, 842, 2986
740676976021798912, 7303, 19129
740373189193256964, 14284, 36635
740365076218183684, 469, 2612
740359016048689152, 916, 3475
740214038584557568, 2110, 7051
739979191639244800, 6357, 21026
739932936087216128, 1157, 4273
739844404073074688, 916, 3990
739623569819336705, 1455, 4011
739606147276148736, 1778, 5673
739544079319588864, 22977, 41802
739485634323156992, 3159, 7574
739238157791694849, 62338, 121961
738891149612572673, 6, 113
738885046782832640, 1223, 3967
738883359779196928, 871, 3520
738537504001953792, 1673, 5367
738402415918125056, 908, 3436
738184450748633089, 1296, 4535
738166403467907072, 3653, 9270
738156290900254721, 704, 2671
737826014890496000, 1890, 5548
737800304142471168, 3714, 10510
737678689543020544, 1431, 5308
737445876994609152, 4789, 10841
737322739594330112, 870, 3803
737310737551491075, 7947, 15446
736736130620620800, 1864, 4545
736392552031657984, 7952, 18685
736365877722001409, 1345, 4196
736225175608430592, 2969, 8551
736010884653420544, 3190, 8317
735991953473572864, 1231, 3786
735648611367784448, 1177, 4224
735635087207878657, 2523, 6507
735274964362878976, 5442, 13677
735256018284875776, 950, 3514
735137028879360001, 1038, 3294
734912297295085568, 552, 2880
734787690684657664, 6756, 13203
734776360183431168, 583, 2641
734559631394082816, 423, 1573
733828123016450049, 831, 3788
733822306246479872, 1079, 3860
733482008106668032, 1017, 3310
733460102733135873, 1369, 4430
733109485275860992, 18011, 51702
732732193018155009, 575, 2569
732726085725589504, 949, 3713
732585889486888962, 823, 3872
732375214819057664, 2702, 8512
732005617171337216, 5845, 15715
731285275100512256, 1053, 3666
731156023742988288, 1359, 4031
730924654643314689, 2119, 6442
730573383004487680, 2306, 5168
730427201120833536, 1113, 3643
730211855403241472, 1131, 4020
730196704625098752, 2050, 5130
729854734790754305, 1204, 4240
729838605770891264, 410, 1794
729823566028484608, 1326, 4189
729463711119904772, 2467, 6106
729113531270991872, 350, 1982
728986383096946689, 879, 3323
728760639972315136, 1820, 4908
728751179681943552, 725, 2918
728653952833728512, 1112, 3480
728409960103686147, 2147, 5161
728387165835677696, 1023, 3852
728046963732717569, 1257, 4526
728035342121635841, 1786, 4774
728015554473250816, 1168, 4306
727685679342333952, 683, 3087
727644517743104000, 1867, 6194
727524757080539137, 1306, 4692
727314416056803329, 803, 3489
727286334147182592, 871, 3198
727175381690781696, 1469, 4064
727155742655025152, 1413, 3819
726935089318363137, 2620, 7230
726887082820554753, 1609, 4026
726828223124897792, 1078, 3728
726224900189511680, 1231, 4633
725842289046749185, 2833, 7408
725786712245440512, 1451, 4367
725729321944506368, 1901, 5445
725458796924002305, 664, 1476
724983749226668032, 1390, 3890
724771698126512129, 688, 2487
724405726123311104, 1759, 5562
724049859469295616, 1888, 4536
724046343203856385, 595, 2796
724004602748780546, 1682, 4386
723912936180330496, 1307, 4084
723688335806480385, 3189, 8091
723673163800948736, 952, 3170
723179728551723008, 2005, 5559
722974582966214656, 1680, 4317
722613351520608256, 1745, 5201
721503162398597120, 1999, 4885
721001180231503872, 656, 2654
720785406564900865, 824, 3267
720775346191278080, 724, 2599
720415127506415616, 1593, 4327
720389942216527872, 2686, 6719
720340705894408192, 1038, 3008
720059472081784833, 1205, 4075
720043174954147842, 2143, 5136
719991154352222208, 1863, 5063
719704490224398336, 1550, 4790
719551379208073216, 2056, 5297
719367763014393856, 787, 2928
719339463458033665, 1335, 4633
719332531645071360, 1020, 3581
718971898235854848, 1170, 3661
718939241951195136, 1879, 5493
718631497683582976, 8635, 19809
718613305783398402, 514, 2562
718540630683709445, 1079, 2613
718460005985447936, 564, 2830
718454725339934721, 1607, 5100
718246886998687744, 534, 2026
718234618122661888, 1070, 4064
717841801130979328, 633, 2569
717790033953034240, 1206, 3032
717537687239008257, 1969, 6033
717428917016076293, 485, 1684
717421804990701568, 900, 3303
717047459982213120, 2036, 6570
717009362452090881, 1040, 3432
716802964044845056, 1255, 4481
716791146589110272, 1531, 6264
716730379797970944, 455, 1290
716447146686459905, 6292, 13742
716439118184652801, 228, 2480
716285507865542656, 1159, 2914
716080869887381504, 2046, 7031
715928423106027520, 933, 3348
715758151270801409, 1516, 3919
715733265223708672, 1803, 4901
715704790270025728, 605, 2935
715696743237730304, 1377, 4099
715680795826982913, 1730, 4543
715360349751484417, 1682, 5740
715342466308784130, 728, 3175
715220193576927233, 697, 2532
715200624753819648, 2014, 5372
715009755312439296, 1323, 4371
714982300363173890, 1108, 3941
714962719905021952, 4558, 7712
714957620017307648, 1515, 4343
714631576617938945, 1071, 3429
714606013974974464, 990, 3804
714485234495041536, 1237, 2842
714258258790387713, 764, 3157
714251586676113411, 900, 3431
714214115368108032, 939, 2380
714141408463036416, 1499, 4522
713919462244790272, 828, 3439
713909862279876608, 580, 2011
713900603437621249, 793, 2974
713761197720473600, 1474, 5121
713411074226274305, 1380, 4629
713177543487135744, 3021, 7554
713175907180089344, 1557, 4684
712809025985978368, 7196, 19521
712717840512598017, 5349, 12965
712668654853337088, 1300, 4364
712438159032893441, 1672, 5589
712309440758808576, 25, 257
712097430750289920, 1106, 3988
712092745624633345, 960, 3089
712085617388212225, 517, 3409
712065007010385924, 667, 2379
711998809858043904, 134, 0
711968124745228288, 2467, 8459
711743778164514816, 1054, 2989
711732680602345472, 4400, 9336
711694788429553666, 19536, 34456
711652651650457602, 980, 4060
711363825979756544, 1209, 3841
711306686208872448, 782, 3478
711008018775851008, 663, 3145
710997087345876993, 1491, 4781
710844581445812225, 738, 2674
710833117892898816, 576, 2823
710658690886586372, 604, 2426
710609963652087808, 2512, 5036
710588934686908417, 2003, 4786
710296729921429505, 787, 2487
710283270106132480, 550, 2242
710272297844797440, 1346, 4751
710269109699739648, 1206, 2523
710153181850935296, 958, 3053
710140971284037632, 958, 2906
710117014656950272, 2125, 5780
709918798883774466, 1140, 3134
709901256215666688, 105, 709
709852847387627521, 1276, 3681
709566166965075968, 1291, 3724
709556954897764353, 1137, 3453
709519240576036864, 256, 1564
709449600415961088, 629, 2339
709409458133323776, 740, 2749
709225125749587968, 610, 2524
709207347839836162, 6249, 13239
709198395643068416, 685, 2538
709179584944730112, 722, 2117
709158332880297985, 450, 2146
709042156699303936, 1756, 4996
708853462201716736, 702, 1890
708845821941387268, 957, 3126
708834316713893888, 540, 1783
708810915978854401, 7441, 17325
708738143638450176, 873, 2882
708711088997666817, 778, 2684
708479650088034305, 721, 2679
708469915515297792, 879, 3245
708400866336894977, 10833, 16821
708356463048204288, 1432, 3803
708349470027751425, 790, 2473
708149363256774660, 1649, 4494
708130923141795840, 892, 3561
708119489313951744, 1048, 2823
708109389455101952, 579, 2029
708026248782585858, 2048, 4591
707995814724026368, 1204, 3282
707983188426153984, 2, 51
707969809498152960, 1037, 2835
707776935007539200, 1013, 3447
707741517457260545, 653, 2622
707738799544082433, 2644, 4302
707693576495472641, 1074, 3618
707629649552134146, 940, 2716
707610948723478529, 6865, 17835
707420581654872064, 740, 2394
707411934438625280, 642, 2399
707387676719185920, 1395, 3689
707377100785885184, 1155, 3453
707315916783140866, 686, 2600
707297311098011648, 852, 2906
707059547140169728, 727, 2708
707038192327901184, 852, 2312
707021089608753152, 1466, 4280
707014260413456384, 641, 2426
706904523814649856, 8392, 15336
706901761596989440, 641, 2179
706681918348251136, 1037, 3495
706644897839910912, 1172, 2714
706593038911545345, 670, 2275
706538006853918722, 1513, 3641
706516534877929472, 1108, 3259
706346369204748288, 987, 3627
706310011488698368, 8553, 22546
706291001778950144, 500, 1792
706265994973601792, 983, 2872
706169069255446529, 2380, 4101
706166467411222528, 1724, 5422
706153300320784384, 414, 1570
705975130514706432, 789, 3264
705970349788291072, 955, 3302
705898680587526145, 598, 2501
705786532653883392, 562, 2052
705591895322394625, 1233, 3339
705475953783398401, 990, 3113
705442520700944385, 1761, 4686
705428427625635840, 1813, 4027
705239209544720384, 806, 3158
705223444686888960, 864, 2718
705102439679201280, 548, 2262
705066031337840642, 647, 2287
704871453724954624, 1192, 4491
704859558691414016, 584, 2375
704847917308362754, 1641, 5381
704819833553219584, 1071, 2772
704761120771465216, 3106, 6988
704499785726889984, 1071, 3096
704491224099647488, 89, 808
704480331685040129, 1133, 3578
704364645503647744, 3810, 8458
704347321748819968, 376, 1675
704134088924532736, 501, 1593
704113298707505153, 605, 1958
704054845121142784, 982, 3074
703774238772166656, 500, 1944
703769065844768768, 1217, 3470
703631701117943808, 742, 2733
703611486317502464, 1625, 4062
703425003149250560, 1481, 4002
703407252292673536, 745, 2587
703382836347330562, 1222, 3691
703356393781329922, 416, 2020
703268521220972544, 586, 2073
703079050210877440, 3323, 7777
703041949650034688, 13446, 27802
702932127499816960, 774, 2732
702899151802126337, 483, 1698
702684942141153280, 1157, 3387
702671118226825216, 602, 2312
702598099714314240, 3504, 10897
702539513671897089, 1025, 3028
702332542343577600, 1667, 3364
702321140488925184, 1103, 3457
702276748847800320, 817, 2609
702217446468493312, 1435, 5070
701981390485725185, 1063, 3629
701952816642965504, 1095, 4013
701889187134500865, 1472, 3751
701805642395348998, 1822, 3618
701601587219795968, 489, 2200
701570477911896070, 1002, 2973
701545186879471618, 658, 2803
701214700881756160, 5485, 12876
700890391244103680, 616, 2338
700864154249383937, 658, 2733
700847567345688576, 537, 2560
700796979434098688, 1031, 2569
700747788515020802, 10044, 24058
700518061187723268, 857, 2786
700505138482569216, 612, 2403
700462010979500032, 1931, 4364
700167517596164096, 800, 2798
700151421916807169, 708, 2362
700143752053182464, 2951, 7942
700062718104104960, 744, 2790
700029284593901568, 626, 2183
700002074055016451, 1444, 3489
699801817392291840, 1029, 3219
699788877217865730, 531, 2366
699779630832685056, 1330, 2924
699775878809702401, 650, 2068
699691744225525762, 4926, 10816
699446877801091073, 2803, 6255
699434518667751424, 544, 2286
699423671849451520, 353, 1447
699413908797464576, 664, 2180
699370870310113280, 470, 1985
699323444782047232, 924, 3328
699088579889332224, 675, 2356
699079609774645248, 705, 2583
699072405256409088, 1270, 3163
699060279947165696, 1936, 3988
699036661657767936, 1279, 2748
698989035503689728, 1057, 3562
698953797952008193, 970, 2854
698907974262222848, 665, 2676
698710712454139905, 731, 2606
698703483621523456, 406, 1528
698635131305795584, 365, 1354
698549713696649216, 662, 2448
698355670425473025, 485, 1976
698342080612007937, 1015, 2385
698262614669991936, 2152, 5010
698195409219559425, 6392, 17667
698178924120031232, 791, 2952
697995514407682048, 359, 1612
697990423684476929, 1386, 3468
697943111201378304, 740, 2536
697881462549430272, 1274, 3178
697630435728322560, 576, 1845
697616773278015490, 1084, 3340
697596423848730625, 1352, 3202
697575480820686848, 540, 2153
697516214579523584, 1215, 2189
697482927769255936, 722, 2556
697463031882764288, 1476, 3598
697270446429966336, 1993, 4930
697259378236399616, 1067, 3465
697255105972801536, 1242, 3179
697242256848379904, 713, 2652
696900204696625153, 1099, 3366
696894894812565505, 727, 2470
696886256886657024, 1922, 5100
696877980375769088, 761, 2572
696754882863349760, 383, 1552
696744641916489729, 1006, 2178
696713835009417216, 692, 2503
696518437233913856, 1817, 4101
696490539101908992, 156, 1288
696488710901260288, 1108, 2679
696405997980676096, 1218, 3391
696100768806522880, 713, 2044
695816827381944320, 1249, 3168
695794761660297217, 841, 3362
695767669421768709, 798, 1974
695629776980148225, 2248, 4815
695446424020918272, 1940, 4600
695409464418041856, 3825, 9098
695314793360662529, 1579, 3840
695095422348574720, 658, 2789
695074328191332352, 1183, 3002
695064344191721472, 642, 1691
695051054296211456, 843, 2814
694925794720792577, 979, 2838
694905863685980160, 1003, 2905
694669722378485760, 15505, 37657
694356675654983680, 312, 1591
694352839993344000, 665, 2149
694342028726001664, 524, 1662
694329668942569472, 537, 2117
694206574471057408, 2175, 4411
694183373896572928, 997, 3102
694001791655137281, 1109, 3579
693993230313091072, 434, 1973
693942351086120961, 397, 1825
693647888581312512, 636, 2844
693644216740769793, 136, 1418
693642232151285760, 446, 2677
693629975228977152, 856, 2586
693622659251335168, 398, 1629
693590843962331137, 2117, 5335
693582294167244802, 273, 1729
693486665285931008, 675, 1876
693280720173801472, 1329, 3547
693267061318012928, 879, 2524
693262851218264065, 538, 2355
693231807727280129, 786, 3022
693155686491000832, 3430, 8317
693109034023534592, 659, 1810
693095443459342336, 498, 1981
692919143163629568, 800, 2824
692905862751522816, 943, 2569
692901601640583168, 652, 1885
692894228850999298, 867, 2405
692828166163931137, 945, 3035
692752401762250755, 3893, 7195
692568918515392513, 1651, 4585
692535307825213440, 1454, 3374
692530551048294401, 449, 1946
692423280028966913, 245, 1559
692417313023332352, 3721, 9845
692187005137076224, 877, 2662
692158366030913536, 851, 2274
692142790915014657, 423, 1733
692041934689402880, 1367, 3590
692017291282812928, 1021, 3021
691820333922455552, 1775, 4166
691793053716221953, 4502, 8545
691756958957883396, 1098, 3051
691675652215414786, 546, 2054
691483041324204033, 607, 2505
691459709405118465, 1237, 4284
691444869282295808, 910, 2796
691416866452082688, 8201, 20390
691321916024623104, 707, 2715
691096613310316544, 956, 3127
691090071332753408, 359, 1803
690989312272396288, 3083, 6238
690959652130045952, 1348, 3780
690938899477221376, 2142, 4366
690932576555528194, 1098, 3470
690735892932222976, 1374, 3992
690728923253055490, 555, 2292
690690673629138944, 855, 2454
690649993829576704, 301, 1383
690607260360429569, 17, 306
690597161306841088, 647, 2077
690400367696297985, 489, 1977
690374419777196032, 925, 3439
690360449368465409, 955, 2790
690348396616552449, 550, 1588
690248561355657216, 439, 1776
690021994562220032, 1110, 2952
690015576308211712, 793, 2653
690005060500217858, 1810, 3868
689999384604450816, 400, 1509
689993469801164801, 490, 1551
689977555533848577, 481, 1443
689905486972461056, 744, 2569
689877686181715968, 1270, 3187
689835978131935233, 811, 2286
689661964914655233, 998, 3378
689659372465688576, 4170, 10934
689623661272240129, 692, 2357
689599056876867584, 5937, 12260
689557536375177216, 495, 2161
689517482558820352, 1534, 3582
689289219123089408, 1001, 2380
689283819090870273, 1192, 3473
689280876073582592, 772, 2110
689275259254616065, 264, 1221
689255633275777024, 1162, 2703
689154315265683456, 1077, 3231
689143371370250240, 552, 2136
688916208532455424, 934, 2882
688908934925697024, 829, 2233
688898160958271489, 847, 2220
688894073864884227, 744, 2357
688828561667567616, 398, 1461
688804835492233216, 209, 1013
688789766343622656, 716, 2343
688547210804498433, 757, 2753
688519176466644993, 788, 2443
688385280030670848, 4785, 9803
688211956440801280, 898, 2344
688179443353796608, 630, 2235
688116655151435777, 843, 2982
688064179421470721, 386, 1824
687841446767013888, 2711, 5772
687826841265172480, 1212, 2885
687818504314159109, 1017, 2642
687807801670897665, 755, 2525
687732144991551489, 702, 1862
687704180304273409, 899, 2577
687664829264453632, 551, 2048
687494652870668288, 617, 2023
687480748861947905, 263, 1691
687476254459715584, 572, 2081
687460506001633280, 586, 2163
687399393394311168, 676, 1998
687317306314240000, 9832, 21211
687312378585812992, 2040, 4595
687127927494963200, 2463, 5765
687124485711986689, 543, 2286
687109925361856513, 2647, 6131
687102708889812993, 1065, 2476
687096057537363968, 652, 2366
686947101016735744, 3418, 9083
686760001961103360, 1480, 3713
686749460672679938, 1567, 3663
686730991906516992, 1287, 4385
686683045143953408, 861, 2968
686618349602762752, 1461, 3886
686606069955735556, 583, 2002
686394059078897668, 730, 1845
686386521809772549, 944, 3438
686377065986265092, 601, 2347
686358356425093120, 733, 2321
686286779679375361, 1790, 4224
686050296934563840, 785, 2328
686035780142297088, 130, 1218
686034024800862208, 1254, 3293
686007916130873345, 450, 2614
686003207160610816, 679, 1925
685973236358713344, 565, 2226
685943807276412928, 648, 1719
685906723014619143, 3130, 7947
685681090388975616, 137, 2145
685667379192414208, 619, 2473
685663452032069632, 1573, 3433
685641971164143616, 837, 3094
685547936038666240, 16861, 34781
685532292383666176, 1236, 3210
685325112850124800, 4296, 10009
685321586178670592, 689, 2793
685315239903100929, 1160, 3535
685307451701334016, 475, 2182
685268753634967552, 1298, 3273
685198997565345792, 716, 2466
685169283572338688, 1530, 4327
684969860808454144, 411, 2492
684959798585110529, 3374, 7202
684940049151070208, 1124, 3394
684926975086034944, 504, 3694
684914660081053696, 1567, 3697
684902183876321280, 569, 1986
684880619965411328, 882, 2214
684830982659280897, 23240, 36996
684800227459624960, 1074, 2861
684594889858887680, 3803, 9426
684588130326986752, 1509, 4344
684567543613382656, 1326, 3176
684538444857667585, 1029, 2799
684481074559381504, 1256, 4083
684460069371654144, 596, 2089
684241637099323392, 3556, 8606
684225744407494656, 229, 1307
684222868335505415, 1483, 4059
684200372118904832, 1110, 2285
684195085588783105, 560, 2025
684188786104872960, 1260, 3673
684177701129875456, 725, 2130
684147889187209216, 1610, 3144
684122891630342144, 511, 2101
684097758874210310, 1546, 4342
683857920510050305, 1201, 4015
683852578183077888, 378, 2031
683849932751646720, 1056, 2772
683834909291606017, 1193, 2766
683828599284170753, 1139, 2952
683773439333797890, 1459, 3534
683742671509258241, 3575, 6868
683515932363329536, 3131, 7769
683498322573824003, 1034, 3349
683481228088049664, 1068, 2778
683462770029932544, 720, 2567
683449695444799489, 1731, 4115
683391852557561860, 2574, 8035
683357973142474752, 1011, 3093
683142553609318400, 1118, 3041
683111407806746624, 982, 3589
683098815881154561, 709, 2286
683078886620553216, 603, 2091
683030066213818368, 789, 2274
682962037429899265, 17966, 38995
682808988178739200, 193, 1868
682788441537560576, 1201, 2610
682750546109968385, 469, 1608
682697186228989953, 387, 1387
682662431982772225, 1164, 3211
682638830361513985, 647, 2168
682429480204398592, 1251, 3624
682406705142087680, 1899, 8003
682393905736888321, 736, 2362
682389078323662849, 503, 1763
682303737705140231, 1073, 3253
682259524040966145, 1309, 4402
682242692827447297, 1275, 3435
682088079302213632, 10652, 19309
682059653698686977, 1823, 5242
682047327939461121, 1039, 3391
682032003584274432, 2162, 6942
682003177596559360, 1646, 3321
681981167097122816, 1108, 2933
681891461017812993, 889, 2602
681694085539872773, 4355, 13469
681679526984871937, 482, 1854
681654059175129088, 997, 2790
681610798867845120, 511, 2013
681579835668455424, 1405, 3734
681523177663676416, 6259, 15091
681340665377193984, 300, 1732
681339448655802368, 4373, 9779
681320187870711809, 814, 2799
681302363064414209, 1972, 4160
681297372102656000, 1029, 3368
681281657291280384, 1184, 3391
681261549936340994, 296, 1534
681242418453299201, 583, 1580
681231109724700672, 520, 2524
681193455364796417, 1608, 3913
680970795137544192, 716, 2562
680959110691590145, 2144, 4798
680940246314430465, 1138, 3395
680934982542561280, 472, 2190
680913438424612864, 666, 2522
680889648562991104, 394, 1861
680836378243002368, 1429, 3643
680805554198020098, 713, 2280
680801747103793152, 892, 2498
680798457301471234, 1122, 3014
680609293079592961, 768, 2781
680583894916304897, 1447, 3820
680497766108381184, 2056, 4460
680494726643068929, 519, 1801
680473011644985345, 803, 2682
680440374763077632, 544, 1531
680221482581123072, 309, 1529
680206703334408192, 1262, 2985
680191257256136705, 541, 2261
680176173301628928, 1689, 4110
680161097740095489, 789, 2439
680145970311643136, 1871, 3807
680130881361686529, 1020, 2413
680115823365742593, 974, 2861
680100725817409536, 1470, 3759
680085611152338944, 9574, 13464
680070545539371008, 940, 2709
680055455951884288, 7641, 17581
679877062409191424, 691, 2070
679872969355714560, 713, 2291
679862121895714818, 669, 2585
679854723806179328, 1326, 3019
679844490799091713, 824, 2496
679828447187857408, 15086, 38130
679777920601223168, 1199, 3243
679736210798047232, 856, 2199
679729593985699840, 883, 2277
679722016581222400, 504, 1741
679530280114372609, 2228, 5009
679527802031484928, 777, 2784
679511351870550016, 1369, 3545
679503373272485890, 1591, 3315
679475951516934144, 686, 2206
679462823135686656, 20230, 33366
679405845277462528, 1288, 2496
679158373988876288, 8704, 22574
679148763231985668, 1105, 2910
679132435750195208, 1239, 3113
679111216690831360, 2737, 6246
679062614270468097, 8802, 17925
679047485189439488, 731, 2362
679001094530465792, 1321, 2961
678991772295516161, 1259, 2437
678969228704284672, 497, 1721
678800283649069056, 964, 2700
678798276842360832, 1273, 3653
678774928607469569, 989, 2934
678767140346941444, 1465, 3703
678764513869611008, 509, 1714
678755239630127104, 3540, 7487
678740035362037760, 1824, 3940
678708137298427904, 2605, 5832
678675843183484930, 1585, 3010
678643457146150913, 457, 2148
678446151570427904, 1679, 4190
678424312106393600, 2719, 5668
678410210315247616, 1953, 4437
678399652199309312, 33958, 82490
678396796259975168, 449, 1663
678389028614488064, 451, 1957
678380236862578688, 969, 2555
678341075375947776, 573, 1807
678334497360859136, 280, 1361
678278586130948096, 6495, 12005
678255464182861824, 398, 1656
678023323247357953, 412, 2013
678021115718029313, 6801, 14396
677961670166224897, 1797, 3577
677918531514703872, 436, 1412
677895101218201600, 2252, 5046
677716515794329600, 1033, 3183
677700003327029250, 1539, 3551
677698403548192770, 339, 1280
677687604918272002, 899, 2588
677673981332312066, 1600, 3494
677662372920729601, 1042, 2036
677644091929329666, 848, 1960
677573743309385728, 772, 2238
677565715327688705, 484, 1352
677557565589463040, 1242, 2546
677547928504967168, 3877, 7229
677530072887205888, 242, 1121
677335745548390400, 1911, 3177
677334615166730240, 314, 1419
677331501395156992, 253, 1139
677328882937298944, 1593, 3791
677314812125323265, 571, 1719
677301033169788928, 436, 1298
677269281705472000, 751, 2084
677228873407442944, 1742, 3697
677187300187611136, 985, 2852
676975532580409345, 1138, 2894
676957860086095872, 858, 2307
676949632774234114, 422, 1359
676948236477857792, 927, 2270
676946864479084545, 403, 1779
676942428000112642, 808, 2162
676936541936185344, 5225, 13235
676916996760600576, 1914, 3090
676897532954456065, 767, 2351
676864501615042560, 757, 2197
676821958043033607, 16604, 24032
676819651066732545, 705, 1876
676811746707918848, 450, 1474
676776431406465024, 2131, 5200
676617503762681856, 1046, 3018
676613908052996102, 207, 1140
676606785097199616, 465, 1963
676603393314578432, 412, 1222
676593408224403456, 2289, 4760
676590572941893632, 134, 951
676588346097852417, 847, 2435
676582956622721024, 298, 1258
676575501977128964, 1191, 2701
676533798876651520, 594, 1958
676496375194980353, 567, 1584
676470639084101634, 4953, 12081
676440007570247681, 705, 1790
676430933382295552, 364, 1456
676263575653122048, 581, 2161
676237365392908289, 312, 1273
676219687039057920, 32871, 77840
676215927814406144, 622, 1807
676191832485810177, 1087, 2370
676146341966438401, 707, 1994
676121918416756736, 1229, 2226
676101918813499392, 1226, 2921
676098748976615425, 1526, 3131
676089483918516224, 453, 1371
675898130735476737, 604, 1702
675891555769696257, 923, 2218
675888385639251968, 1018, 2467
675878199931371520, 1478, 4335
675870721063669760, 604, 1706
675853064436391936, 1373, 2783
675849018447167488, 161, 978
675845657354215424, 943, 2372
675822767435051008, 566, 1583
675820929667219457, 244, 1091
675798442703122432, 3577, 10629
675781562965868544, 502, 1684
675740360753160193, 366, 1210
675710890956750848, 873, 1958
675707330206547968, 735, 2060
675706639471788032, 103, 670
675534494439489536, 440, 1880
675531475945709568, 408, 1222
675522403582218240, 301, 1079
675517828909424640, 483, 1354
675501075957489664, 6133, 17733
675497103322386432, 1368, 3250
675489971617296384, 629, 1349
675483430902214656, 1025, 1912
675432746517426176, 597, 1580
675372240448454658, 533, 1757
675362609739206656, 240, 1080
675354435921575936, 18099, 33935
675349384339542016, 2378, 4054
675334060156301312, 1361, 2876
675166823650848770, 1701, 3733
675153376133427200, 2744, 6495
675149409102012420, 1772, 3866
675147105808306176, 253, 976
675146535592706048, 328, 1235
675145476954566656, 950, 2210
675135153782571009, 519, 1341
675113801096802304, 822, 2014
675111688094527488, 266, 996
675109292475830276, 1192, 2887
675047298674663426, 343, 1098
675015141583413248, 1263, 2803
675006312288268288, 237, 1011
675003128568291329, 499, 1599
674999807681908736, 1154, 2320
674805413498527744, 370, 887
674800520222154752, 903, 3102
674793399141146624, 1145, 2582
674790488185167872, 266, 1141
674788554665512960, 219, 837
674781762103414784, 1267, 2066
674774481756377088, 499, 1167
674767892831932416, 836, 1886
674764817387900928, 249, 809
674754018082705410, 469, 1403
674752233200820224, 487, 1504
674743008475090944, 582, 1445
674742531037511680, 54, 503
674739953134403584, 415, 1146
674737130913071104, 96, 665
674690135443775488, 489, 1184
674670581682434048, 687, 1663
674664755118911488, 266, 950
674646392044941312, 526, 1485
674644256330530816, 283, 1063
674638615994089473, 608, 1732
674632714662858753, 604, 1545
674606911342424069, 103, 963
674468880899788800, 2159, 6405
674447403907457024, 373, 1091
674436901579923456, 414, 1145
674422304705744896, 558, 1473
674416750885273600, 147, 704
674410619106390016, 485, 1231
674394782723014656, 600, 1542
674372068062928900, 324, 870
674330906434379776, 76, 575
674318007229923329, 538, 1453
674307341513269249, 7269, 11648
674291837063053312, 6167, 15170
674271431610523648, 762, 1612
674269164442398721, 237, 922
674265582246694913, 887, 1683
674262580978937856, 478, 1340
674255168825880576, 584, 1512
674082852460433408, 178, 775
674075285688614912, 300, 1006
674063288070742018, 2327, 6542
674053186244734976, 1359, 3412
674051556661161984, 504, 1484
674045139690631169, 666, 1460
674042553264685056, 134, 740
674038233588723717, 428, 1126
674036086168010753, 226, 867
674024893172875264, 1286, 1829
674019345211760640, 312, 1168
674014384960745472, 675, 1605
674008982932058114, 368, 1233
673956914389192708, 1006, 1998
673919437611909120, 383, 1199
673906403526995968, 1688, 3277
673887867907739649, 262, 957
673716320723169284, 792, 3148
673715861853720576, 2177, 3630
673711475735838725, 309, 1062
673709992831262724, 284, 872
673708611235921920, 300, 1102
673707060090052608, 405, 1127
673705679337693185, 413, 1289
673700254269775872, 595, 1478
673697980713705472, 2044, 3901
673689733134946305, 677, 1783
673688752737402881, 517, 1296
673686845050527744, 455, 1482
673680198160809984, 484, 1406
673662677122719744, 375, 1279
673656262056419329, 253, 734
673636718965334016, 379, 1141
673612854080196609, 749, 1625
673583129559498752, 383, 1222
673580926094458881, 275, 850
673576835670777856, 584, 1419
673363615379013632, 319, 1046
673359818736984064, 697, 1484
673355879178194945, 605, 1525
673352124999274496, 560, 1687
673350198937153538, 221, 758
673345638550134785, 1329, 2586
673343217010679808, 280, 996
673342308415348736, 611, 1300
673320132811366400, 8269, 13794
673317986296586240, 271, 888
673295268553605120, 3289, 7692
673270968295534593, 384, 1089
673240798075449344, 760, 1452
673213039743795200, 881, 2302
673148804208660480, 654, 1735
672997845381865473, 749, 2008
672995267319328768, 309, 976
672988786805112832, 303, 1001
672984142909456390, 563, 1278
672980819271634944, 1037, 1852
672975131468300288, 950, 1724
672970152493887488, 369, 971
672968025906282496, 568, 1340
672964561327235073, 662, 1455
672902681409806336, 525, 1392
672898206762672129, 436, 912
672884426393653248, 855, 1585
672877615439593473, 381, 1054
672834301050937345, 591, 1341
672828477930868736, 508, 1275
672640509974827008, 334, 993
672622327801233409, 513, 1321
672614745925664768, 606, 1246
672609152938721280, 401, 1140
672604026190569472, 417, 1138
672594978741354496, 625, 1356
672591762242805761, 345, 970
672591271085670400, 192, 746
672538107540070400, 382, 1051
672523490734551040, 178, 657
672488522314567680, 452, 1137
672482722825261057, 628, 1161
672481316919734272, 128, 730
672475084225949696, 725, 1465
672466075045466113, 559, 1381
672272411274932228, 3510, 6593
672267570918129665, 635, 1533
672264251789176834, 352, 1172
672256522047614977, 1610, 2874
672254177670729728, 765, 1463
672248013293752320, 631, 1761
672245253877968896, 162, 701
672239279297454080, 330, 915
672231046314901505, 1048, 1875
672222792075620352, 218, 804
672205392827572224, 1196, 2310
672169685991993344, 382, 1044
672160042234327040, 371, 883
672139350159835138, 742, 1785
672125275208069120, 1182, 2459
672095186491711488, 378, 1018
672082170312290304, 377, 960
672068090318987265, 532, 1323
671896809300709376, 4299, 8638
671891728106971137, 585, 1356
671882082306625538, 1420, 3542
671879137494245376, 711, 1446
671874878652489728, 577, 1274
671866342182637568, 517, 1149
671855973984772097, 466, 926
671789708968640512, 3604, 7209
671768281401958400, 543, 1219
671763349865160704, 956, 1714
671744970634719232, 797, 1374
671743150407421952, 238, 757
671735591348891648, 781, 1477
671729906628341761, 4506, 8679
671561002136281088, 7468, 13107
671547767500775424, 614, 1376
671544874165002241, 1084, 2028
671542985629241344, 586, 1111
671538301157904385, 410, 941
671536543010570240, 422, 1202
671533943490011136, 598, 1039
671528761649688577, 265, 855
671520732782923777, 542, 1423
671518598289059840, 302, 971
671511350426865664, 748, 1642
671504605491109889, 3655, 7189
671497587707535361, 461, 935
671488513339211776, 483, 1033
671486386088865792, 212, 592
671485057807351808, 239, 777
671390180817915904, 757, 1448
671362598324076544, 301, 1135
671357843010908160, 151, 408
671355857343524864, 117, 488
671347597085433856, 442, 984
671186162933985280, 219, 752
671182547775299584, 356, 1151
671166507850801152, 364, 891
671163268581498880, 1142, 1693
671159727754231808, 84, 383
671154572044468225, 226, 739
671151324042559489, 159, 688
671147085991960577, 235, 689
671141549288370177, 674, 1192
671138694582165504, 417, 951
671134062904504320, 199, 767
671122204919246848, 2605, 3571
671115716440031232, 798, 1388
671109016219725825, 454, 1170
670995969505435648, 301, 1129
670842764863651840, 9034, 25082
670840546554966016, 201, 608
670838202509447168, 720, 1137
670833812859932673, 128, 462
670832455012716544, 226, 750
670826280409919488, 4196, 5670
670823764196741120, 198, 796
670822709593571328, 99, 627
670815497391357952, 1593, 3242
670811965569282048, 277, 1156
670807719151067136, 504, 1177
670804601705242624, 987, 2010
670803562457407488, 89, 348
670797304698376195, 244, 750
670792680469889025, 287, 852
670789397210615808, 248, 677
670786190031921152, 207, 611
670783437142401025, 407, 832
670782429121134593, 798, 1602
670780561024270336, 297, 798
670778058496974848, 74, 336
670764103623966721, 437, 1097
670755717859713024, 116, 453
670733412878163972, 528, 986
670727704916926465, 373, 843
670717338665226240, 512, 1237
670704688707301377, 383, 780
670691627984359425, 252, 601
670679630144274432, 294, 763
670676092097810432, 45, 258
670668383499735048, 5217, 10955
670474236058800128, 789, 1567
670468609693655041, 87, 358
670465786746662913, 573, 988
670452855871037440, 214, 560
670449342516494336, 695, 1217
670444955656130560, 2047, 6860
670442337873600512, 204, 657
670435821946826752, 536, 1075
670434127938719744, 668, 1436
670433248821026816, 117, 334
670428280563085312, 654, 1413
670427002554466305, 170, 529
670421925039075328, 659, 1338
670420569653809152, 327, 638
670417414769758208, 331, 581
670411370698022913, 933, 2072
670408998013820928, 233, 568
670403879788544000, 163, 443
670385711116361728, 220, 576
670374371102445568, 277, 759
670361874861563904, 69, 336
670338931251150849, 114, 436
670319130621435904, 1269, 3941
670303360680108032, 139, 435
670290420111441920, 298, 722
670093938074779648, 349, 1052
670086499208155136, 262, 714
670079681849372674, 1285, 2266
670073503555706880, 817, 1604
670069087419133954, 252, 647
670061506722140161, 353, 784
670055038660800512, 342, 684
670046952931721218, 181, 659
670040295598354432, 115, 768
670037189829525505, 288, 599
670003130994700288, 96, 341
669993076832759809, 87, 332
669972011175813120, 168, 455
669970042633789440, 63, 307
669942763794931712, 173, 521
669926384437997569, 108, 385
669923323644657664, 59, 242
669753178989142016, 416, 832
669749430875258880, 67, 277
669684865554620416, 91, 533
669683899023405056, 114, 397
669682095984410625, 137, 359
669680153564442624, 299, 681
669661792646373376, 455, 821
669625907762618368, 1869, 3604
669603084620980224, 377, 963
669597912108789760, 156, 522
669583744538451968, 960, 1518
669573570759163904, 147, 446
669571471778410496, 1050, 1616
669567591774625800, 59, 240
669564461267722241, 128, 395
669393256313184256, 79, 375
669375718304980992, 754, 1367
669371483794317312, 187, 507
669367896104181761, 164, 473
669363888236994561, 237, 639
669359674819481600, 127, 375
669354382627049472, 1311, 2769
669353438988365824, 266, 657
669351434509529089, 194, 449
669328503091937280, 431, 1031
669327207240699904, 120, 585
669324657376567296, 214, 504
669216679721873412, 414, 1209
669214165781868544, 177, 448
669203728096960512, 495, 1024
669037058363662336, 323, 674
669015743032369152, 384, 756
669006782128353280, 260, 590
669000397445533696, 6580, 21298
668994913074286592, 240, 452
668992363537309700, 358, 759
668989615043424256, 338, 695
668988183816871936, 488, 916
668986018524233728, 173, 565
668981893510119424, 317, 551
668979806671884288, 357, 808
668975677807423489, 602, 1328
668967877119254528, 25, 149
668960084974809088, 246, 721
668955713004314625, 74, 285
668932921458302977, 59, 272
668902994700836864, 104, 324
668892474547511297, 155, 406
668872652652679168, 308, 541
668852170888998912, 171, 462
668826086256599040, 142, 445
668815180734689280, 280, 582
668779399630725120, 382, 716
668655139528511488, 225, 543
668645506898350081, 557, 916
668643542311546881, 546, 900
668641109086707712, 556, 1095
668636665813057536, 503, 1063
668633411083464705, 1703, 2882
668631377374486528, 326, 735
668627278264475648, 118, 326
668625577880875008, 138, 395
668623201287675904, 803, 1472
668620235289837568, 44, 207
668614819948453888, 322, 622
668587383441514497, 1112, 1700
668567822092664832, 57, 250
668544745690562560, 235, 533
668542336805281792, 223, 473
668537837512433665, 78, 257
668528771708952576, 232, 473
668507509523615744, 111, 333
668496999348633600, 135, 421
668484198282485761, 242, 435
668480044826800133, 153, 471
668466899341221888, 529, 901
668297328638447616, 306, 632
668291999406125056, 32, 249
668286279830867968, 142, 517
668274247790391296, 236, 842
668268907921326080, 243, 562
668256321989451776, 636, 1331
668248472370458624, 502, 1012
668237644992782336, 2933, 6330
668226093875376128, 105, 303
668221241640230912, 203, 518
668204964695683073, 200, 561
668190681446379520, 199, 663
668171859951755264, 201, 502
668154635664932864, 324, 506
668142349051129856, 295, 576
668113020489474048, 252, 678
667937095915278337, 816, 1292
667924896115245057, 114, 307
667915453470232577, 58, 214
667911425562669056, 311, 498
667902449697558528, 385, 861
667886921285246976, 1119, 1920
667885044254572545, 502, 833
667878741721415682, 122, 399
667873844930215936, 417, 640
667866724293877760, 1058, 3052
667861340749471744, 78, 244
667832474953625600, 63, 292
667806454573760512, 511, 1068
667801013445750784, 97, 335
667793409583771648, 336, 710
667782464991965184, 249, 419
667773195014021121, 58, 238
667766675769573376, 222, 448
667728196545200128, 152, 379
667724302356258817, 326, 492
667550904950915073, 35, 0
667550882905632768, 33, 0
667549055577362432, 2334, 5876
667546741521195010, 127, 338
667544320556335104, 534, 878
667538891197542400, 67, 208
667534815156183040, 551, 828
667530908589760512, 245, 477
667524857454854144, 1132, 1723
667517642048163840, 196, 372
667509364010450944, 2172, 6865
667502640335572993, 223, 538
667495797102141441, 277, 528
667491009379606528, 232, 539
667470559035432960, 100, 259
667455448082227200, 60, 194
667453023279554560, 91, 318
667443425659232256, 591, 792
667437278097252352, 242, 453
667435689202614272, 84, 308
667405339315146752, 221, 472
667393430834667520, 58, 197
667369227918143488, 167, 370
667211855547486208, 245, 497
667200525029539841, 265, 621
667192066997374976, 109, 389
667188689915760640, 422, 753
667182792070062081, 6305, 14456
667177989038297088, 55, 192
667176164155375616, 468, 613
667174963120574464, 84, 247
667171260800061440, 91, 223
667165590075940865, 1159, 2711
667160273090932737, 62, 260
667152164079423490, 17398, 48229
667138269671505920, 2248, 4653
667119796878725120, 128, 331
667090893657276420, 129, 336
667073648344346624, 124, 408
667070482143944705, 14, 84
667065535570550784, 48, 167
667062181243039745, 55, 219
667044094246576128, 51, 185
667012601033924608, 225, 451
666996132027977728, 95, 247
666983947667116034, 993, 2567
666837028449972224, 559, 826
666835007768551424, 80, 216
666826780179869698, 97, 255
666817836334096384, 253, 520
666804364988780544, 94, 242
666786068205871104, 488, 763
666781792255496192, 199, 389
666776908487630848, 175, 351
666739327293083650, 66, 237
666701168228331520, 219, 432
666691418707132416, 47, 188
666649482315059201, 628, 1117
666644823164719104, 83, 232
666454714377183233, 208, 519
666447344410484738, 20, 104
666437273139982337, 48, 124
666435652385423360, 53, 165
666430724426358785, 196, 316
666428276349472768, 83, 165
666421158376562688, 111, 315
666418789513326592, 45, 123
666411507551481857, 323, 440
666407126856765440, 40, 106
666396247373291520, 84, 167
666373753744588802, 92, 186
666362758909284353, 564, 769
666353288456101888, 71, 218
666345417576210432, 133, 290
666337882303524864, 90, 197
666293911632134144, 352, 494
666287406224695296, 64, 146
666273097616637952, 76, 173
666268910803644416, 35, 102
666104133288665088, 6487, 14167
666102155909144576, 12, 80
666099513787052032, 67, 153
666094000022159362, 72, 163
666082916733198337, 44, 116
666073100786774016, 162, 318
666071193221509120, 59, 144
666063827256086533, 215, 471
666058600524156928, 57, 111
666057090499244032, 141, 293
666055525042405380, 245, 431
666051853826850816, 841, 1207
666050758794694657, 59, 131
666049248165822465, 40, 107
666044226329800704, 139, 295
666033412701032449, 44, 125
666029285002620928, 47, 129
666020888022790149, 508, 2543
